,id,retweet_count,favorite_count,lang
0,892420643555336193,8853,39467,en
1,892177421306343426,6514,33819,en
2,891815181378084864,4328,25461,en
3,891689557279858688,8964,42908,en
4,891327558926688256,9774,41048,en
5,891087950875897856,3261,20562,en
6,890971913173991426,2158,12041,en
7,890729181411237888,16716,56848,en
8,890609185150312448,4429,28226,en
9,890240255349198849,7711,32467,en
10,890006608113172480,7624,31166,en
11,889880896479866881,5156,28268,en
12,889665388333682689,8538,38818,en
13,889638837579907072,4735,27672,en
14,889531135344209921,2321,15359,en
15,889278841981685760,5637,25652,en
16,888917238123831296,4709,29611,en
17,888804989199671297,4559,26080,en
18,888554962724278272,3732,20290,en
19,888078434458587136,3653,22201,en
20,887705289381826560,5609,30779,en
21,887517139158093824,12082,46959,en
22,887473957103951883,18781,69871,en
23,887343217045368832,10737,34222,en
24,887101392804085760,6167,31061,en
25,886983233522544640,8084,35859,en
26,886736880519319552,3443,12306,en
27,886680336477933568,4610,22798,en
28,886366144734445568,3316,21524,en
29,886267009285017600,4,117,en
30,886258384151887873,6523,28469,en
31,886054160059072513,108,0,und
32,885984800019947520,7097,33382,en
33,885528943205470208,6683,36689,en
34,885518971528720385,3899,20788,en
35,885311592912609280,19297,0,en
36,885167619883638784,4556,22367,en
37,884925521741709313,16439,68152,en
38,884876753390489601,6096,28514,en
39,884562892145688576,5100,24765,en
40,884441805382717440,5856,27478,en
41,884247878851493888,21298,74423,en
42,884162670584377345,3128,20771,en
43,883838122936631299,3586,22349,en
44,883482846933004288,10407,46860,en
45,883360690899218434,3825,22986,en
46,883117836046086144,6949,37914,en
47,882992080364220416,4122,24445,en
48,882762694511734784,5134,28903,en
49,882627270321602560,6342,28382,en
50,882268110199369728,12118,45880,en
51,882045870035918850,5203,29900,en
52,881906580714921986,3533,24773,en
53,881666595344535552,11099,51522,en
54,881633300179243008,7,129,en
55,881536004380872706,16570,50199,en
56,881268444196462592,5358,23501,en
57,880935762899988482,2886,17346,en
58,880872448815771648,3989,21734,en
59,880465832366813184,6546,29075,en
60,880221127280381952,4436,27640,en
61,880095782870896641,4533,28150,en
62,879862464715927552,3642,22667,en
63,879674319642796034,10,315,en
64,879492040517615616,3323,23822,en
65,879415818425184262,45849,107956,en
66,879376492567855104,3261,17099,en
67,879130579576475649,7181,0,en
68,879050749262655488,4941,23022,en
69,879008229531029506,2812,19317,en
70,878776093423087618,4319,19763,en
71,878604707211726852,7582,30931,en
72,878404777348136964,1349,0,en
73,878316110768087041,6965,0,en
74,878281511006478336,1349,7913,en
75,878057613040115712,7181,42876,en
76,877736472329191424,17300,71144,en
77,877611172832227328,83,0,en
78,877556246731214848,3994,23258,en
79,877316821321428993,5414,27907,en
80,877201837425926144,5880,27755,en
81,876838120628539392,3506,21125,en
82,876537666061221889,4800,23869,en
83,876484053909872640,2511,19163,en
84,876120275196170240,4903,28490,en
85,875747767867523072,4497,25773,en
86,875144289856114688,5081,22185,en
87,875097192612077568,6342,27997,en
88,875021211251597312,4922,26022,en
89,874680097055178752,4875,28439,en
90,874434818259525634,15546,0,en
91,874296783580663808,4308,26651,en
92,874057562936811520,4125,23134,en
93,874012996292530176,11007,35501,en
94,873697596434513921,12518,0,en
95,873580283840344065,4143,24837,en
96,873337748698140672,1667,0,en
97,873213775632977920,1667,7467,en
98,872967104147763200,5669,28031,en
99,872820683541237760,3884,15029,en
100,872668790621863937,31,0,en
101,872620804844003328,3911,21309,en
102,872486979161796608,9429,41606,en
103,872261713294495745,6649,35085,en
104,872122724285648897,8549,35324,en
105,871879754684805121,11918,39090,en
106,871762521631449091,3678,20787,en
107,871515927908634625,3628,20730,en
108,871166179821445120,5991,0,en
109,871102520638267392,5764,21461,en
110,871032628920680449,3999,23255,en
111,870804317367881728,6393,33791,en
112,870726314365509632,3,121,en
113,870656317836468226,2817,12819,en
114,870374049280663552,27680,85011,en
115,870308999962521604,4384,22453,en
116,870063196459192321,8840,37771,en
117,869988702071779329,25661,0,en
118,869772420881756160,10663,43710,en
119,869702957897576449,6728,29116,en
120,869596645499047938,3327,16476,en
121,869227993411051520,4023,21112,en
122,868880397819494401,12518,55098,en
123,868639477480148993,2240,0,en
124,868622495443632128,6275,28295,en
125,868552278524837888,2240,10539,en
126,867900495410671616,4439,24964,en
127,867774946302451713,7788,35179,en
128,867421006826221569,2697,16755,en
129,867072653475098625,135,0,en
130,867051520902168576,8425,33420,en
131,866816280283807744,32883,0,en
132,866720684873056260,5168,20888,en
133,866686824827068416,3727,20070,en
134,866450705531457537,32883,106827,en
135,866334964761202691,15546,54720,en
136,866094527597207552,8952,0,en
137,865718153858494464,6008,26640,en
138,865359393868664832,5384,27530,en
139,865006731092295680,8209,29063,en
140,864873206498414592,9361,33651,en
141,864279568663928832,3266,15195,en
142,864197398364647424,9616,31459,en
143,863907417377173506,4441,21477,en
144,863553081350529029,4489,15935,en
145,863471782782697472,2687,0,en
146,863432100342583297,5664,24829,en
147,863427515083354112,105,2363,en
148,863079547188785154,1195,9094,en
149,863062471531167744,2687,8945,en
150,862831371563274240,5457,20011,en
151,862722525377298433,3809,17779,en
152,862457590147678208,5388,21492,en
153,862096992088072192,21840,66437,en
154,861769973181624320,37911,0,en
155,861383897657036800,11528,37744,en
156,861288531465048066,4479,18032,en
157,861005113778896900,4119,17538,en
158,860981674716409858,2334,0,en
159,860924035999428608,882,0,en
160,860563773140209665,2334,7878,en
161,860524505164394496,5698,24678,en
162,860276583193509888,3745,19154,en
163,860184849394610176,6295,17474,en
164,860177593139703809,33421,0,in
165,859924526012018688,4349,20021,en
166,859851578198683649,3780,16105,en
167,859607811541651456,1704,19476,en
168,859196978902773760,25661,75193,en
169,859074603037188101,14740,35553,en
170,858860390427611136,8805,0,en
171,858843525470990336,3771,16304,en
172,858471635011153920,5271,22640,en
173,858107933456039936,3154,16524,en
174,857989990357356544,2812,16952,en
175,857746408056729600,11524,36021,en
176,857393404942143489,1785,6236,en
177,857263160327368704,4934,21041,en
178,857214891891077121,20,242,en
179,857062103051644929,183,0,en
180,857029823797047296,4364,19910,en
181,856602993587888130,11633,0,en
182,856543823941562368,3131,17135,en
183,856526610513747968,2068,12446,en
184,856330835276025856,731,0,en
185,856288084350160898,17,545,en
186,856282028240666624,6841,29086,en
187,855862651834028034,27,320,en
188,855860136149123072,1058,4407,en
189,855857698524602368,2313,12498,en
190,855851453814013952,19196,47844,en
191,855818117272018944,5943,28056,en
192,855459453768019968,8987,31657,en
193,855245323840757760,6568,0,en
194,855138241867124737,50,0,en
195,854732716440526848,6690,24188,en
196,854482394044301312,7608,31131,en
197,854365224396361728,5159,20046,en
198,854120357044912130,8285,33911,en
199,854010172552949760,3433,17169,en
200,853760880890318849,6403,30414,en
201,853639147608842240,11265,37198,en
202,853299958564483072,3928,16508,en
203,852936405516943360,2243,0,en
204,852912242202992640,2037,9658,en
205,852672615818899456,2388,15939,en
206,852553447878664193,3885,17492,en
207,852311364735569921,10961,35325,en
208,852226086759018497,7570,21378,en
209,852189679701164033,1741,12217,en
210,851953902622658560,10706,0,en
211,851861385021730816,23,0,en
212,851591660324737024,3819,17300,en
213,851464819735769094,7855,25944,en
214,851224888060895234,6350,22090,en
215,850753642995093505,10352,33348,en
216,850380195714523136,2915,13994,en
217,850333567704068097,367,3647,en
218,850145622816686080,4244,17519,en
219,850019790995546112,5459,21944,en
220,849776966551130114,8404,32390,en
221,849668094696017920,5513,0,en
222,849412302885593088,3487,17039,en
223,849336543269576704,2101,12240,en
224,849051919805034497,7396,32617,en
225,848690551926992896,4826,27104,en
226,848324959059550208,4037,20229,en
227,848213670039564288,832,8834,en
228,848212111729840128,3444,17618,en
229,847978865427394560,3652,0,en
230,847971574464610304,482,0,en
231,847962785489326080,5730,25296,en
232,847842811428974592,1522,5935,en
233,847617282490613760,468,7558,en
234,847606175596138505,3774,20208,en
235,847251039262605312,4800,22036,en
236,847157206088847362,6572,21588,en
237,847116187444137987,3583,23108,en
238,846874817362120707,4404,21685,en
239,846514051647705089,13076,48410,en
240,846505985330044928,3492,15304,en
241,846153765933735936,10226,34394,en
242,846139713627017216,10972,33188,en
243,846042936437604353,3224,17256,en
244,845812042753855489,9894,31737,en
245,845677943972139009,5365,27154,en
246,845459076796616705,15071,0,en
247,845397057150107648,2072,8241,en
248,845306882940190720,6039,25225,en
249,845098359547420673,8640,0,en
250,844979544864018432,2909,14738,en
251,844973813909606400,3617,16361,en
252,844704788403113984,11633,42022,en
253,844580511645339650,3533,17871,en
254,844223788422217728,2450,14753,en
255,843981021012017153,3285,16327,en
256,843856843873095681,5220,23211,en
257,843604394117681152,3081,18310,en
258,843235543001513987,6852,23315,en
259,842892208864923648,56625,0,en
260,842846295480000512,4023,16440,en
261,842765311967449089,1439,7321,en
262,842535590457499648,3937,19637,en
263,842163532590374912,6568,26569,en
264,842115215311396866,3386,15204,en
265,841833993020538882,17504,0,en
266,841680585030541313,8748,27854,en
267,841439858740625411,4168,13755,en
268,841320156043304961,6080,21402,en
269,841314665196081154,5312,17305,en
270,841077006473256960,5991,24926,en
271,840761248237133825,1972,0,en
272,840728873075638272,18285,0,en
273,840698636975636481,3,197,en
274,840696689258311684,1116,13377,en
275,840632337062862849,1972,9761,en
276,840370681858686976,5146,17918,en
277,840268004936019968,6497,20950,en
278,839990271299457024,2597,14640,en
279,839549326359670784,8805,29957,en
280,839290600511926273,158,0,en
281,839239871831150596,7422,29684,en
282,838952994649550848,4505,21289,en
283,838921590096166913,2357,12183,en
284,838916489579200512,38,0,en
285,838831947270979586,12643,0,en
286,838561493054533637,1504,11892,en
287,838476387338051585,5484,24664,en
288,838201503651401729,11525,0,en
289,838150277551247360,370,1824,und
290,838085839343206401,0,150,en
291,838083903487373313,3582,19183,en
292,837820167694528512,8952,37277,en
293,837482249356513284,495,4204,en
294,837471256429613056,2631,13967,en
295,837366284874571778,6005,23074,en
296,837110210464448512,2731,17480,en
297,837012587749474308,88,0,en
298,836989968035819520,2610,13879,en
299,836753516572119041,5237,21029,en
300,836677758902222849,2522,13782,en
301,836648853927522308,626,0,en
302,836397794269200385,31314,0,en
303,836380477523124226,3337,16037,en
304,836260088725786625,4850,23177,en
305,836001077879255040,4935,20924,en
306,835685285446955009,9327,0,en
307,835574547218894849,4121,19447,en
308,835536468978302976,1939,0,en
309,835309094223372289,24013,0,en
310,835297930240217089,3381,17847,en
311,835264098648616962,1939,8503,en
312,835246439529840640,83,2259,en
313,835172783151792128,6516,28552,en
314,835152434251116546,3443,24574,en
315,834931633769889797,1878,11838,en
316,834786237630337024,6159,22943,en
317,834574053763584002,2882,14993,en
318,834477809192075265,12224,0,en
319,834458053273591808,1899,10512,en
320,834209720923721728,5476,22594,en
321,834167344700198914,4130,17194,en
322,834089966724603904,2427,10971,en
323,834086379323871233,2512,14296,en
324,833863086058651648,2729,14661,en
325,833826103416520705,3904,16728,en
326,833732339549220864,251,0,en
327,833722901757046785,3636,22585,en
328,833479644947025920,2357,16258,en
329,833124694597443584,5513,22133,en
330,832998151111966721,2522,14549,en
331,832769181346996225,43,0,en
332,832757312314028032,4127,18423,en
333,832682457690300417,3368,13017,en
334,832645525019123713,594,3195,en
335,832636094638288896,3220,17379,en
336,832397543355072512,2548,13126,en
337,832369877331693569,3652,18792,en
338,832273440279240704,2673,12385,en
339,832215909146226688,7069,0,en
340,832215726631055365,10723,0,en
341,832088576586297345,3,72,en
342,832040443403784192,11131,0,en
343,832032802820481025,4746,13887,en
344,831939777352105988,7031,26404,en
345,831926988323639298,39,369,en
346,831911600680497154,7458,30380,en
347,831670449226514432,2059,11469,en
348,831650051525054464,2243,7908,en
349,831552930092285952,2632,9872,en
350,831322785565769729,1744,10042,en
351,831315979191906304,1264,7117,en
352,831309418084069378,2786,12819,en
353,831262627380748289,2350,13066,en
354,830956169170665475,1735,8735,en
355,830583320585068544,19297,73397,en
356,830173239259324417,6554,0,en
357,830097400375152640,3455,10804,en
358,829878982036299777,5757,0,en
359,829861396166877184,2243,13441,en
360,829501995190984704,12224,34913,en
361,829449946868879360,2329,11519,en
362,829374341691346946,10706,38074,en
363,829141528400556032,8530,26952,en
364,829011960981237760,18627,58302,en
365,828801551087042563,3901,0,en
366,828770345708580865,6746,28085,en
367,828708714936930305,12882,40241,en
368,828650029636317184,1544,10467,en
369,828409743546925057,1305,6898,en
370,828408677031882754,1477,8398,en
371,828381636999917570,2554,13864,en
372,828376505180889089,1216,8112,en
373,828372645993398273,3344,13756,en
374,828361771580813312,195,2408,en
375,828046555563323392,3260,12923,en
376,828011680017821696,2451,11411,en
377,827933404142436356,5987,22180,en
378,827653905312006145,3433,16983,en
379,827600520311402496,1082,8143,en
380,827324948884643840,3510,17523,en
381,827228250799742977,13517,0,en
382,827199976799354881,2579,11659,en
383,826958653328592898,5757,23767,en
384,826848821049180160,11878,40325,en
385,826615380357632002,4521,0,en
386,826598799820865537,292,5637,en
387,826598365270007810,2709,11117,en
388,826476773533745153,4821,20275,en
389,826240494070030336,2965,14614,en
390,826204788643753985,1075,5361,en
391,826115272272650244,3599,17299,en
392,825876512159186944,2146,11525,en
393,825829644528148480,2848,14025,en
394,825535076884762624,19669,56413,en
395,825147591692263424,5244,20181,en
396,825120256414846976,1483,0,en
397,825026590719483904,1483,7020,en
398,824796380199809024,6288,0,en
399,824775126675836928,4069,16508,en
400,824663926340194305,1993,11113,en
401,824325613288833024,11848,12999,en
402,824297048279236611,4463,16625,en
403,824025158776213504,679,5255,en
404,823939628516474880,3123,11755,en
405,823719002937630720,12953,0,en
406,823699002998870016,2772,13826,en
407,823581115634085888,3031,14376,en
408,823333489516937216,31,777,und
409,823322678127919110,4637,17437,en
410,823269594223824897,11421,0,en
411,822975315408461824,3958,19139,en
412,822872901745569793,48265,132810,en
413,822859134160621569,2622,14576,en
414,822647212903690241,7390,0,en
415,822610361945911296,3423,16327,en
416,822489057087389700,7390,20083,en
417,822462944365645825,17209,31800,en
418,822244816520155136,11421,38832,en
419,822163064745328640,5571,0,en
420,821886076407029760,2692,12582,en
421,821813639212650496,3839,0,en
422,821765923262631936,1899,9317,en
423,821522889702862852,2030,8871,en
424,821421320206483457,6470,0,en
425,821407182352777218,5053,13075,en
426,821153421864615936,10,280,en
427,821149554670182400,2320,9718,en
428,821107785811234820,2487,10645,en
429,821044531881721856,2636,14021,en
430,820837357901512704,7733,0,en
431,820749716845686786,11525,34984,en
432,820690176645140481,3716,13518,en
433,820494788566847489,648,0,en
434,820446719150292993,2980,0,en
435,820314633777061888,648,3706,en
436,820078625395449857,7246,21979,en
437,820013781606658049,1369,0,en
438,819952236453363712,1369,5927,en
439,819924195358416896,5607,14305,en
440,819711362133872643,3604,14916,en
441,819588359383371776,2271,10606,en
442,819347104292290561,1383,8008,en
443,819238181065359361,462,2550,en
444,819227688460238848,7733,25652,en
445,819015337530290176,42228,0,en
446,819015331746349057,21794,0,en
447,819006400881917954,21794,49960,en
448,819004803107983360,42228,95450,en
449,818646164899774465,24069,0,en
450,818627210458333184,8564,24597,en
451,818614493328580609,2982,10971,en
452,818588835076603904,7126,0,en
453,818536468981415936,2873,12127,en
454,818307523543449600,9366,0,en
455,818259473185828864,2621,12197,en
456,818145370475810820,3014,13671,en
457,817908911860748288,906,5356,en
458,817827839487737858,31314,57622,en
459,817777686764523521,3084,11901,en
460,817536400337801217,3505,13105,en
461,817502432452313088,3917,0,en
462,817423860136083457,17504,38260,en
463,817415592588222464,1131,6267,en
464,817181837579653120,9907,0,en
465,817171292965273600,2326,9690,en
466,817120970343411712,3011,13367,en
467,817056546584727552,1927,9517,en
468,816829038950027264,5496,0,en
469,816816676327063552,2361,11071,en
470,816697700272001025,2545,10905,en
471,816450570814898180,9366,33961,en
472,816336735214911488,2269,9564,en
473,816091915477250048,2500,9927,en
474,816062466425819140,1207,0,en
475,816014286006976512,6154,0,en
476,815990720817401858,1207,5545,en
477,815966073409433600,9907,25057,en
478,815745968457060357,4797,0,en
479,815736392542261248,2625,10937,en
480,815639385530101762,1918,9161,en
481,815390420867969024,4407,11467,en
482,814986499976527872,1505,8485,en
483,814638523311648768,3130,12511,en
484,814578408554463233,6750,0,en
485,814530161257443328,2156,9629,en
486,814153002265309185,10080,32000,en
487,813944609378369540,3732,0,en
488,813910438903693312,2194,10342,en
489,813812741911748608,16267,40402,en
490,813800681631023104,2060,9300,en
491,813217897535406080,8476,20783,en
492,813202720496779264,2090,10192,en
493,813187593374461952,5096,22085,en
494,813172488309972993,2236,10384,en
495,813157409116065792,2557,8588,en
496,813142292504645637,2728,9361,en
497,813130366689148928,513,4968,en
498,813127251579564032,3652,13242,en
499,813112105746448384,3225,11515,en
500,813096984823349248,4207,11694,en
501,813081950185472002,3220,10989,en
502,813066809284972545,2276,8865,en
503,813051746834595840,8503,23337,en
504,812781120811126785,2191,8380,en
505,812747805718642688,8067,0,en
506,812709060537683968,1665,7373,en
507,812503143955202048,1424,6787,en
508,812466873996607488,2231,8900,en
509,812372279581671427,4252,15224,en
510,811985624773361665,1647,8102,en
511,811744202451197953,1884,8429,en
512,811647686436880384,872,6215,en
513,811627233043480576,3650,14265,en
514,811386762094317568,7444,23302,en
515,810984652412424192,1655,5927,en
516,810896069567610880,2090,10093,en
517,810657578271330305,3057,12192,en
518,810284430598270976,13369,39640,en
519,810254108431155201,3901,16380,en
520,809920764300447744,4521,17250,en
521,809808892968534016,5711,0,en
522,809448704142938112,1696,7727,en
523,809220051211603969,6554,22246,en
524,809084759137812480,4046,14685,en
525,808838249661788160,3536,11271,en
526,808733504066486276,2509,8784,en
527,808501579447930884,3007,12595,en
528,808344865868283904,24069,47281,en
529,808134635716833280,6961,0,en
530,808106460588765185,2525,9701,en
531,808001312164028416,4098,14015,en
532,807621403335917568,4288,16236,en
533,807106840509214720,56625,107015,en
534,807059379405148160,8521,0,en
535,807010152071229440,4418,14514,en
536,806629075125202948,37911,75639,en
537,806620845233815552,6426,0,en
538,806576416489959424,2230,5370,en
539,806542213899489280,2752,11363,en
540,806242860592926720,13616,0,en
541,806219024703037440,1388,7145,en
542,805958939288408065,6238,0,en
543,805932879469572096,2209,9178,en
544,805826884734976000,2132,7335,en
545,805823200554876929,9374,0,en
546,805520635690676224,1905,6368,en
547,805487436403003392,2929,9773,en
548,805207613751304193,1972,8680,en
549,804738756058218496,4480,15326,en
550,804475857670639616,2355,6886,en
551,804413760345620481,3712,0,en
552,804026241225523202,18876,49774,en
553,803773340896923648,3220,11203,en
554,803692223237865472,8689,0,en
555,803638050916102144,4828,12270,en
556,803380650405482500,2169,8601,en
557,803321560782307329,6221,0,en
558,803276597545603072,2887,11207,en
559,802952499103731712,2336,10085,en
560,802624713319034886,3403,0,en
561,802600418706604034,1714,7938,en
562,802572683846291456,2926,9959,en
563,802323869084381190,6808,18124,en
564,802265048156610565,1573,7039,en
565,802247111496568832,5247,0,en
566,802239329049477120,3040,10132,en
567,802185808107208704,314,0,en
568,801958328846974976,1992,8608,en
569,801854953262350336,275,1958,en
570,801538201127157760,2391,9141,en
571,801285448605831168,960,6802,en
572,801167903437357056,6961,27386,en
573,801127390143516673,4627,0,en
574,801115127852503040,2429,8992,en
575,800859414831898624,113,778,en
576,800855607700029440,1889,0,en
577,800751577355128832,3214,11701,en
578,800513324630806528,3495,14685,en
579,800459316964663297,2489,10538,en
580,800443802682937345,5068,0,en
581,800388270626521089,3265,12456,en
582,800188575492947969,4581,0,en
583,800141422401830912,2980,17092,en
584,800018252395122689,15351,31768,en
585,799774291445383169,5488,0,en
586,799757965289017345,2506,9390,en
587,799422933579902976,2213,8965,en
588,799308762079035393,6478,0,en
589,799297110730567681,3227,11065,en
590,799063482566066176,2863,9058,en
591,798933969379225600,5203,14712,en
592,798925684722855936,1663,8246,en
593,798705661114773508,7724,0,en
594,798701998996647937,9126,0,en
595,798697898615730177,7602,0,en
596,798694562394996736,5812,0,en
597,798686750113755136,2702,0,en
598,798682547630837760,5515,0,en
599,798673117451325440,6485,0,en
600,798665375516884993,4519,0,en
601,798644042770751489,2153,0,en
602,798628517273620480,2272,0,en
603,798585098161549313,6618,0,en
604,798576900688019456,6871,0,en
605,798340744599797760,3924,0,en
606,798209839306514432,2954,11548,en
607,797971864723324932,3652,13018,en
608,797545162159308800,5656,16198,en
609,797236660651966464,7726,22328,en
610,797165961484890113,32,256,en
611,796904159865868288,10411,0,en
612,796865951799083009,2198,8564,en
613,796759840936919040,3562,13256,en
614,796563435802726400,8536,0,en
615,796484825502875648,2042,8472,en
616,796387464403357696,4861,12334,en
617,796177847564038144,16628,0,en
618,796149749086875649,16628,36177,en
619,796125600683540480,2079,5511,und
620,796116448414461957,2813,10139,en
621,796080075804475393,2703,9469,en
622,796031486298386433,4284,12071,en
623,795464331001561088,27728,55683,en
624,795400264262053889,3323,11270,en
625,795076730285391872,6288,18139,en
626,794983741416415232,3942,0,en
627,794926597468000259,2697,11492,en
628,794355576146903043,12014,0,en
629,794332329137291264,3088,10686,en
630,794205286408003585,3895,10314,en
631,793962221541933056,5711,18910,en
632,793845145112371200,2187,10295,en
633,793614319594401792,3661,0,en
634,793601777308463104,1908,8926,en
635,793500921481273345,2786,11953,en
636,793286476301799424,10723,27597,en
637,793271401113350145,2763,9677,en
638,793256262322548741,9714,22350,en
639,793241302385262592,3812,11780,en
640,793226087023144960,3338,11001,en
641,793210959003287553,3301,9997,en
642,793195938047070209,6547,17063,en
643,793180763617361921,2310,7740,en
644,793165685325201412,3238,10478,en
645,793150605191548928,1984,6909,en
646,793135492858580992,2893,7214,en
647,793120401413079041,4551,14202,en
648,792913359805018113,4715,16063,en
649,792883833364439040,4964,12666,en
650,792773781206999040,1963,8209,en
651,792394556390137856,4998,15128,en
652,792050063153438720,2088,8029,en
653,791821351946420224,24514,0,en
654,791784077045166082,11271,0,en
655,791780927877898241,4432,0,en
656,791774931465953280,21156,37818,en
657,791672322847637504,3661,13129,en
658,791406955684368384,4797,14670,en
659,791312159183634433,2963,9841,en
660,791026214425268224,4858,0,en
661,790987426131050500,2483,11089,en
662,790946055508652032,5496,18601,en
663,790723298204217344,2704,0,en
664,790698755171364864,2203,9158,en
665,790581949425475584,8183,22473,en
666,790337589677002753,2167,8740,en
667,790277117346975746,3732,14081,en
668,790227638568808452,4190,0,en
669,789986466051088384,2704,10369,en
670,789960241177853952,4839,0,en
671,789903600034189313,4858,11673,en
672,789628658055020548,2080,8448,en
673,789599242079838210,2279,7620,en
674,789530877013393408,3942,13188,en
675,789314372632018944,2666,9615,en
676,789280767834746880,5747,0,en
677,789268448748703744,3014,10196,en
678,789137962068021249,3244,10875,en
679,788908386943430656,14409,30653,en
680,788765914992902144,12014,30658,en
681,788552643979468800,8407,0,en
682,788412144018661376,5990,16060,en
683,788178268662984705,2488,8100,en
684,788150585577050112,1510,6865,en
685,788070120937619456,3952,0,en
686,788039637453406209,1535,6867,en
687,787810552592695296,3540,9717,en
688,787717603741622272,3240,11416,en
689,787397959788929025,3300,12120,en
690,787322443945877504,2032,8726,en
691,787111942498508800,7798,0,en
692,786963064373534720,9327,29725,en
693,786729988674449408,2827,0,en
694,786709082849828864,7069,20296,en
695,786664955043049472,2996,11957,en
696,786595970293370880,3601,10497,en
697,786363235746385920,4072,12189,en
698,786286427768250368,3352,8930,en
699,786233965241827333,5571,17178,en
700,786051337297522688,179,1614,en
701,786036967502913536,8237,0,en
702,785927819176054784,3652,12696,en
703,785872687017132033,2130,7489,en
704,785639753186217984,2561,8735,en
705,785533386513321988,2334,10183,en
706,785515384317313025,1477,6800,en
707,785264754247995392,1911,8128,en
708,785170936622350336,5639,13491,en
709,784826020293709826,3712,11310,en
710,784517518371221505,2970,10039,en
711,784431430411685888,1491,6329,en
712,784183165795655680,9374,22513,en
713,784057939640352768,12953,33505,en
714,783839966405230592,12643,33689,en
715,783821107061198850,2269,8209,en
716,783695101801398276,3737,11650,en
717,783466772167098368,2608,9468,en
718,783391753726550016,6441,18908,en
719,783347506784731136,6533,0,en
720,783334639985389568,13616,32651,en
721,783085703974514689,2565,9112,en
722,782969140009107456,8521,26949,en
723,782747134529531904,1604,8310,en
724,782722598790725632,6238,19250,en
725,782598640137187329,2184,8694,en
726,782305867769217024,6470,18630,en
727,782021823840026624,7236,0,en
728,781955203444699136,3920,12357,en
729,781661882474196992,3129,11634,en
730,781655249211752448,1314,4466,en
731,781524693396357120,6426,23163,en
732,781308096455073793,2961,7973,en
733,781251288990355457,2458,9428,en
734,781163403222056960,3168,10895,en
735,780931614150983680,8536,24192,en
736,780858289093574656,2328,8033,en
737,780800785462489090,1505,6141,en
738,780601303617732608,3839,13525,en
739,780543529827336192,2032,7040,en
740,780496263422808064,4319,0,en
741,780476555013349377,136,0,en
742,780459368902959104,1224,5892,en
743,780192070812196864,2589,9712,en
744,780092040432480260,2655,0,en
745,780074436359819264,5815,13723,en
746,779834332596887552,8237,21252,en
747,779377524342161408,3613,9831,en
748,779124354206535695,21324,0,en
749,779123168116150273,4207,13206,en
750,779056095788752897,5247,16500,en
751,778990705243029504,8437,22342,en
752,778774459159379968,11550,0,en
753,778764940568104960,426,955,en
754,778748913645780993,1562,7717,en
755,778650543019483137,1729,6430,en
756,778624900596654080,1176,5177,en
757,778408200802557953,5023,15135,en
758,778396591732486144,14198,0,en
759,778383385161035776,1271,6515,en
760,778286810187399168,3836,11576,en
761,778039087836069888,3065,9417,en
762,778027034220126208,1885,7320,en
763,777953400541634568,4080,0,en
764,777885040357281792,1893,7078,en
765,777684233540206592,3403,12518,en
766,777641927919427584,4947,0,en
767,777621514455814149,2910,9742,en
768,777189768882946048,4999,15921,en
769,776819012571455488,15839,0,en
770,776813020089548800,1405,5444,en
771,776477788987613185,3249,9858,en
772,776249906839351296,10673,0,en
773,776218204058357768,18497,33345,en
774,776201521193218049,2919,10681,en
775,776113305656188928,5068,13102,en
776,776088319444877312,179,2045,en
777,775898661951791106,17621,0,en
778,775842724423557120,3116,13022,en
779,775733305207554048,4627,15413,en
780,775729183532220416,5302,14361,en
781,775364825476165632,3472,8295,en
782,775350846108426240,4532,11309,en
783,775096608509886464,9220,0,en
784,775085132600442880,5488,17281,en
785,774757898236878852,2035,9462,en
786,774639387460112384,2013,7508,en
787,774314403806253056,6478,24167,en
788,773985732834758656,4492,11925,en
789,773922284943896577,1999,7110,en
790,773704687002451968,1891,7317,en
791,773670353721753600,1501,5935,en
792,773547596996571136,7126,24553,en
793,773336787167145985,5912,0,en
794,773308824254029826,8640,25846,en
795,773247561583001600,3699,10414,en
796,773191612633579521,4736,11117,en
797,772877495989305348,4501,9555,en
798,772826264096874500,2669,8842,en
799,772615324260794368,3914,0,en
800,772581559778025472,1968,7192,en
801,772193107915964416,1612,6665,en
802,772152991789019136,1300,4181,en
803,772117678702071809,848,4165,en
804,772114945936949249,546,3005,en
805,772102971039580160,1065,4448,en
806,771908950375665664,2181,7298,en
807,771770456517009408,3924,13356,en
808,771500966810099713,3018,9167,en
809,771380798096281600,5912,11746,en
810,771171053431250945,8705,0,en
811,771136648247640064,3357,10223,en
812,771102124360998913,1663,6898,en
813,771014301343748096,1782,7032,en
814,770787852854652928,1415,5498,en
815,770772759874076672,1626,5749,en
816,770743923962707968,52360,0,en
817,770655142660169732,2013,8130,en
818,770414278348247044,2390,6987,en
819,770293558247038976,1718,6923,en
820,770093767776997377,3520,0,en
821,770069151037685760,2651,8385,en
822,769940425801170949,11131,34948,en
823,769695466921623552,1926,7101,en
824,769335591808995329,8830,0,en
825,769212283578875904,1969,5980,en
826,768970937022709760,7574,16017,en
827,768909767477751808,3129,0,en
828,768855141948723200,1034,4660,en
829,768609597686943744,1382,4580,en
830,768596291618299904,1473,5592,en
831,768554158521745409,6719,0,en
832,768473857036525572,3958,15110,en
833,768193404517830656,4080,12157,en
834,767884188863397888,1634,5309,en
835,767754930266464257,6221,17814,en
836,767500508068192258,2688,8295,en
837,767191397493538821,4406,13643,en
838,767122157629476866,3261,11227,en
839,766864461642756096,6521,0,en
840,766793450729734144,1565,5650,en
841,766714921925144576,438,2872,en
842,766693177336135680,918,4484,en
843,766423258543644672,1825,6671,en
844,766313316352462849,2166,7493,en
845,766078092750233600,2970,0,en
846,766069199026450432,1003,4765,en
847,766008592277377025,571,4149,en
848,765719909049503744,2475,8021,en
849,765669560888528897,1407,5760,en
850,765395769549590528,3127,20539,en
851,765371061932261376,2475,7842,en
852,765222098633691136,3914,12902,en
853,764857477905154048,2029,7099,en
854,764259802650378240,1745,6718,en
855,763956972077010945,61,812,en
856,763837565564780549,4858,14041,en
857,763183847194451968,1702,6004,en
858,763167063695355904,3484,0,en
859,763103485927849985,2602,8163,en
860,762699858130116608,4190,13518,en
861,762471784394268675,7612,12571,en
862,762464539388485633,4839,11503,en
863,762316489655476224,1298,5350,en
864,762035686371364864,17919,35400,en
865,761976711479193600,2310,5992,en
866,761750502866649088,4535,0,en
867,761745352076779520,979,4707,en
868,761672994376806400,33421,55016,in
869,761599872357261312,1336,4578,en
870,761371037149827077,20500,0,en
871,761334018830917632,1669,5792,en
872,761292947749015552,1265,4957,en
873,761227390836215808,1775,5908,en
874,761004547850530816,3952,12482,en
875,760893934457552897,1104,4228,en
876,760656994973933572,2210,7343,en
877,760641137271070720,1481,5485,en
878,760539183865880579,4168,8399,en
879,760521673607086080,1608,4681,en
880,760290219849637889,13140,29618,en
881,760252756032651264,995,4338,en
882,760190180481531904,2079,6334,en
883,760153949710192640,38,0,en
884,759943073749200896,2382,6581,en
885,759923798737051648,6521,16284,en
886,759846353224826880,2265,7433,en
887,759793422261743616,2173,6620,en
888,759566828574212096,24319,0,en
889,759557299618865152,1341,5202,en
890,759447681597108224,2827,9418,en
891,759446261539934208,561,1846,en
892,759197388317847553,2221,6725,en
893,759159934323924993,1359,0,en
894,759099523532779520,4813,16101,en
895,759047813560868866,2302,7227,en
896,758854675097526272,1027,3904,en
897,758828659922702336,4376,12376,en
898,758740312047005698,1824,6339,en
899,758474966123810816,1132,4227,en
900,758467244762497024,2539,5316,en
901,758405701903519748,2204,5756,en
902,758355060040593408,1245,3797,en
903,758099635764359168,11550,21302,en
904,758041019896193024,433,3001,en
905,757741869644341248,3710,7613,en
906,757729163776290825,9299,0,en
907,757725642876129280,1391,5022,en
908,757611664640446465,1272,5026,en
909,757597904299253760,336,0,en
910,757596066325864448,1219,4808,en
911,757400162377592832,7759,16743,en
912,757393109802180609,2009,6462,en
913,757354760399941633,1637,4995,en
914,756998049151549440,2271,6923,en
915,756939218950160384,2295,7342,en
916,756651752796094464,1511,5612,en
917,756526248105566208,4169,11506,en
918,756303284449767430,1231,4359,en
919,756288534030475264,15071,28519,en
920,756275833623502848,1738,7114,en
921,755955933503782912,3285,8092,en
922,755206590534418437,6148,18212,en
923,755110668769038337,12621,23446,en
924,754874841593970688,9193,0,en
925,754856583969079297,2870,7616,en
926,754747087846248448,591,2854,en
927,754482103782404096,2220,5852,en
928,754449512966619136,846,4147,en
929,754120377874386944,2670,8655,en
930,754011816964026368,4079,9726,en
931,753655901052166144,2492,6458,en
932,753420520834629632,4071,8731,en
933,753398408988139520,2186,6384,en
934,753375668877008896,2655,8411,en
935,753298634498793472,6620,0,en
936,753294487569522689,1191,3758,en
937,753039830821511168,24013,41080,en
938,753026973505581056,1109,4283,en
939,752932432744185856,7798,13970,en
940,752917284578922496,1790,7592,en
941,752701944171524096,3291,0,en
942,752682090207055872,1846,6642,en
943,752660715232722944,1794,4878,en
944,752568224206688256,2605,6140,en
945,752519690950500352,3917,8157,en
946,752334515931054080,1263,4238,en
947,752309394570878976,18963,0,en
948,752173152931807232,2106,6569,en
949,751950017322246144,1060,3415,en
950,751937170840121344,1530,5770,en
951,751830394383790080,2227,6428,en
952,751793661361422336,3320,6479,en
953,751598357617971201,3440,8699,en
954,751583847268179968,1265,4849,en
955,751538714308972544,1445,5547,en
956,751456908746354688,1127,3516,en
957,751251247299190784,6695,13791,en
958,751205363882532864,2086,6948,en
959,751132876104687617,1480,5610,en
960,750868782890057730,1595,5306,en
961,750719632563142656,5747,14621,en
962,750506206503038976,1316,4934,en
963,750429297815552001,4947,14569,en
964,750383411068534784,1309,5005,en
965,750381685133418496,39,758,en
966,750147208377409536,1095,3409,en
967,750132105863102464,1440,3990,en
968,750117059602808832,1466,4740,en
969,750101899009982464,959,3344,en
970,750086836815486976,613,2383,en
971,750071704093859840,3802,8653,en
972,750056684286914561,1011,3444,en
973,750041628174217216,703,3502,en
974,750026558547456000,888,2986,en
975,750011400160841729,1035,3568,en
976,749996283729883136,919,3331,en
977,749981277374128128,2772,5569,en
978,749774190421639168,1493,5114,en
979,749417653287129088,1904,6721,en
980,749403093750648834,622,2892,eu
981,749395845976588288,3951,9488,en
982,749317047558017024,2509,6076,en
983,749075273010798592,2360,6353,en
984,749064354620928000,1714,5277,en
985,749036806121881602,896,3425,en
986,748977405889503236,3759,11235,en
987,748932637671223296,2564,6461,en
988,748705597323898880,1067,3047,en
989,748699167502000129,1814,5213,en
990,748692773788876800,1504,4659,en
991,748575535303884801,2272,6696,en
992,748568946752774144,776,2411,en
993,748346686624440324,1413,5735,en
994,748337862848962560,4701,8462,en
995,748324050481647620,867,4078,en
996,748307329658011649,810,4027,en
997,748220828303695873,8825,15549,en
998,747963614829678593,2444,6397,en
999,747933425676525569,2894,7310,en
1000,747885874273214464,1116,3243,en
1001,747844099428986880,851,3084,en
1002,747816857231626240,1316,5346,en
1003,747651430853525504,179,1520,en
1004,747648653817413632,6614,14182,en
1005,747600769478692864,619,2545,en
1006,747594051852075008,1205,4065,en
1007,747512671126323200,1803,6110,en
1008,747461612269887489,1169,4249,en
1009,747439450712596480,2184,5965,en
1010,747242308580548608,3257,0,en
1011,747219827526344708,1791,5792,en
1012,747204161125646336,1038,3722,en
1013,747103485104099331,4548,10534,en
1014,746906459439529985,336,3168,en
1015,746872823977771008,2429,6593,en
1016,746818907684614144,1944,5807,en
1017,746790600704425984,1806,5345,en
1018,746757706116112384,4432,10520,en
1019,746726898085036033,2037,6648,en
1020,746542875601690625,2104,5520,en
1021,746521445350707200,1110,0,en
1022,746507379341139972,1226,5094,en
1023,746369468511756288,1854,6637,en
1024,746131877086527488,2511,7565,en
1025,746056683365994496,931,3904,en
1026,745789745784041472,1207,4437,en
1027,745712589599014916,2636,7652,en
1028,745433870967832576,2894,7824,en
1029,745422732645535745,2768,9412,en
1030,745314880350101504,3131,7863,en
1031,745074613265149952,3976,8605,en
1032,745057283344719872,2585,7945,en
1033,744995568523612160,716,3277,en
1034,744971049620602880,3042,8652,en
1035,744709971296780288,1771,6150,en
1036,744334592493166593,2412,7443,en
1037,744234799360020481,79515,131075,en
1038,744223424764059648,424,1868,en
1039,743980027717509120,1231,4551,en
1040,743895849529389061,1087,3999,en
1041,743835915802583040,2387,0,en
1042,743609206067040256,1560,4917,en
1043,743595368194129920,7445,20275,en
1044,743545585370791937,1066,3863,en
1045,743510151680958465,4185,8671,en
1046,743253157753532416,1366,4624,en
1047,743222593470234624,2164,6792,en
1048,743210557239623680,1560,4215,en
1049,742534281772302336,4011,7744,en
1050,742528092657332225,2245,4878,en
1051,742465774154047488,4382,7916,en
1052,742423170473463808,4319,10812,en
1053,742385895052087300,2266,7457,en
1054,742161199639494656,1547,4743,en
1055,742150209887731712,1783,5661,en
1056,741793263812808706,1698,4982,en
1057,741743634094141440,3144,8945,en
1058,741438259667034112,937,4026,en
1059,741303864243200000,3650,9631,en
1060,741099773336379392,6247,10997,en
1061,741067306818797568,3520,10342,en
1062,740995100998766593,3154,7018,en
1063,740711788199743490,1062,3736,en
1064,740699697422163968,888,3101,en
1065,740676976021798912,7724,19881,en
1066,740373189193256964,9220,20648,en
1067,740365076218183684,495,2727,en
1068,740359016048689152,967,3610,en
1069,740214038584557568,2220,7335,en
1070,739979191639244800,6719,21898,en
1071,739932936087216128,1217,4443,en
1072,739844404073074688,966,4138,en
1073,739623569819336705,1547,4185,en
1074,739606147276148736,1876,5897,en
1075,739544079319588864,24319,43694,en
1076,739485634323156992,3309,7887,en
1077,739238157791694849,52360,75163,en
1078,738891149612572673,6,115,und
1079,738885046782832640,1283,4127,en
1080,738883359779196928,917,3661,en
1081,738537504001953792,1759,5575,en
1082,738402415918125056,955,3599,en
1083,738184450748633089,1360,4727,en
1084,738166403467907072,3828,9635,en
1085,738156290900254721,748,2768,en
1086,737826014890496000,2006,5757,en
1087,737800304142471168,3904,10943,en
1088,737678689543020544,1509,5528,en
1089,737445876994609152,5048,11302,en
1090,737322739594330112,907,3953,en
1091,737310737551491075,8329,16040,en
1092,736736130620620800,1972,4736,en
1093,736392552031657984,8407,19450,en
1094,736365877722001409,1408,4367,en
1095,736225175608430592,3115,8901,en
1096,736010884653420544,3355,8652,en
1097,735991953473572864,1283,3934,en
1098,735648611367784448,1237,4397,en
1099,735635087207878657,2659,6776,en
1100,735274964362878976,4707,9629,en
1101,735256018284875776,993,3675,en
1102,735137028879360001,1092,3428,en
1103,734912297295085568,572,2993,en
1104,734787690684657664,7102,13745,en
1105,734776360183431168,608,2742,en
1106,734559631394082816,451,1646,en
1107,733828123016450049,881,3926,en
1108,733822306246479872,1141,4015,en
1109,733482008106668032,1065,3438,en
1110,733460102733135873,1451,4605,en
1111,733109485275860992,17621,44619,en
1112,732732193018155009,599,2671,en
1113,732726085725589504,1003,3855,en
1114,732585889486888962,868,4016,en
1115,732375214819057664,2838,8832,en
1116,732005617171337216,6154,16324,en
1117,731285275100512256,1090,3798,en
1118,731156023742988288,1434,4196,en
1119,730924654643314689,2234,6682,en
1120,730573383004487680,2435,5407,en
1121,730427201120833536,1176,3809,en
1122,730211855403241472,1182,4180,en
1123,730196704625098752,2172,5339,en
1124,729854734790754305,1268,4396,en
1125,729838605770891264,431,1856,en
1126,729823566028484608,1390,4358,en
1127,729463711119904772,2586,6340,en
1128,729113531270991872,370,2054,en
1129,728986383096946689,917,3460,en
1130,728760639972315136,1911,5090,en
1131,728751179681943552,757,3032,en
1132,728653952833728512,1169,3620,en
1133,728409960103686147,2269,5383,en
1134,728387165835677696,1075,3999,en
1135,728046963732717569,1328,4722,en
1136,728035342121635841,1872,4953,en
1137,728015554473250816,1219,4479,en
1138,727685679342333952,720,3206,en
1139,727644517743104000,1962,6431,en
1140,727524757080539137,1379,4900,en
1141,727314416056803329,834,3623,en
1142,727286334147182592,920,3324,en
1143,727175381690781696,1540,4209,en
1144,727155742655025152,1490,3983,en
1145,726935089318363137,2738,7496,en
1146,726887082820554753,1677,4195,en
1147,726828223124897792,1124,3882,en
1148,726224900189511680,1302,4811,en
1149,725842289046749185,2970,7691,en
1150,725786712245440512,1527,4537,en
1151,725729321944506368,2009,5646,en
1152,725458796924002305,703,1541,en
1153,724983749226668032,1462,4040,en
1154,724771698126512129,725,2593,en
1155,724405726123311104,1847,5800,en
1156,724049859469295616,1984,4738,en
1157,724046343203856385,620,2901,en
1158,724004602748780546,1790,4561,en
1159,723912936180330496,1374,4236,en
1160,723688335806480385,3347,8435,en
1161,723673163800948736,1011,3291,en
1162,723179728551723008,2110,5761,en
1163,722974582966214656,1764,4493,en
1164,722613351520608256,1831,5393,en
1165,721503162398597120,2124,5086,en
1166,721001180231503872,686,2748,en
1167,720785406564900865,866,3400,en
1168,720775346191278080,760,2702,en
1169,720415127506415616,1681,4503,en
1170,720389942216527872,2840,6974,en
1171,720340705894408192,1098,3131,en
1172,720059472081784833,1268,4229,en
1173,720043174954147842,2253,5332,en
1174,719991154352222208,1979,5281,en
1175,719704490224398336,1645,4974,en
1176,719551379208073216,2192,5515,en
1177,719367763014393856,827,3022,en
1178,719339463458033665,1403,4822,en
1179,719332531645071360,1078,3711,en
1180,718971898235854848,1231,3818,en
1181,718939241951195136,1973,5720,en
1182,718631497683582976,9126,20697,en
1183,718613305783398402,542,2669,en
1184,718540630683709445,1137,2730,en
1185,718460005985447936,602,2846,en
1186,718454725339934721,1685,5320,en
1187,718246886998687744,565,2115,en
1188,718234618122661888,1127,4217,en
1189,717841801130979328,670,2660,en
1190,717790033953034240,1272,3170,en
1191,717537687239008257,2069,6281,en
1192,717428917016076293,510,1748,en
1193,717421804990701568,945,3446,en
1194,717047459982213120,2135,6826,en
1195,717009362452090881,1102,3583,en
1196,716802964044845056,1317,4627,en
1197,716791146589110272,1474,5204,en
1198,716730379797970944,475,1339,en
1199,716447146686459905,6643,14327,en
1200,716439118184652801,247,2574,en
1201,716285507865542656,1225,3041,en
1202,716080869887381504,1935,5272,en
1203,715928423106027520,987,3485,en
1204,715758151270801409,1596,4085,en
1205,715733265223708672,1920,5093,en
1206,715704790270025728,634,3055,en
1207,715696743237730304,1454,4257,en
1208,715680795826982913,1813,4719,en
1209,715360349751484417,1772,5955,en
1210,715342466308784130,768,3294,en
1211,715220193576927233,736,2630,en
1212,715200624753819648,2110,5578,en
1213,715009755312439296,1392,4550,en
1214,714982300363173890,1166,4094,en
1215,714962719905021952,4816,8028,en
1216,714957620017307648,1595,4503,en
1217,714631576617938945,1122,3571,en
1218,714606013974974464,1038,3938,en
1219,714485234495041536,1313,2962,en
1220,714258258790387713,808,3281,en
1221,714251586676113411,940,3570,en
1222,714214115368108032,990,2480,en
1223,714141408463036416,1569,4673,en
1224,713919462244790272,869,3564,en
1225,713909862279876608,616,2078,en
1226,713900603437621249,829,3062,en
1227,713761197720473600,1541,5308,en
1228,713411074226274305,1440,4802,en
1229,713177543487135744,3183,7854,en
1230,713175907180089344,1630,4851,en
1231,712809025985978368,7602,20378,en
1232,712717840512598017,5616,13474,en
1233,712668654853337088,1367,4531,en
1234,712438159032893441,1756,5799,en
1235,712309440758808576,26,269,en
1236,712097430750289920,1172,4144,en
1237,712092745624633345,1016,3211,en
1238,712085617388212225,556,3531,en
1239,712065007010385924,700,2451,en
1240,711998809858043904,138,0,en
1241,711968124745228288,2601,8776,en
1242,711743778164514816,1101,3095,en
1243,711732680602345472,4653,9756,en
1244,711694788429553666,20500,35865,en
1245,711652651650457602,1037,4228,en
1246,711363825979756544,1287,3996,en
1247,711306686208872448,819,3596,en
1248,711008018775851008,710,3275,en
1249,710997087345876993,1561,4960,en
1250,710844581445812225,779,2775,en
1251,710833117892898816,606,2937,en
1252,710658690886586372,636,2529,en
1253,710609963652087808,2624,5227,en
1254,710588934686908417,2107,4968,en
1255,710296729921429505,833,2574,en
1256,710283270106132480,580,2308,en
1257,710272297844797440,1425,4945,en
1258,710269109699739648,1257,2613,en
1259,710153181850935296,1006,3153,en
1260,710140971284037632,1008,3017,en
1261,710117014656950272,2233,5999,en
1262,709918798883774466,1215,3250,en
1263,709901256215666688,112,732,en
1264,709852847387627521,1336,3824,en
1265,709566166965075968,1367,3865,en
1266,709556954897764353,1204,3593,en
1267,709519240576036864,277,1620,en
1268,709449600415961088,665,2420,en
1269,709409458133323776,788,2855,en
1270,709225125749587968,647,2615,en
1271,709207347839836162,6567,13755,en
1272,709198395643068416,721,2634,en
1273,709179584944730112,763,2213,en
1274,709158332880297985,470,2236,en
1275,709042156699303936,1864,5197,en
1276,708853462201716736,745,1941,en
1277,708845821941387268,1015,3226,en
1278,708834316713893888,571,1860,en
1279,708810915978854401,7848,18036,en
1280,708738143638450176,917,2997,en
1281,708711088997666817,834,2790,en
1282,708479650088034305,765,2768,en
1283,708469915515297792,926,3357,en
1284,708400866336894977,11330,17516,en
1285,708356463048204288,1520,3929,en
1286,708349470027751425,831,2568,en
1287,708149363256774660,1727,4672,en
1288,708130923141795840,943,3707,en
1289,708119489313951744,1102,2937,en
1290,708109389455101952,610,2124,en
1291,708026248782585858,2166,4799,en
1292,707995814724026368,1273,3385,en
1293,707983188426153984,2,52,en
1294,707969809498152960,1097,2941,en
1295,707776935007539200,1079,3593,en
1296,707741517457260545,696,2718,en
1297,707738799544082433,2785,4495,en
1298,707693576495472641,1133,3765,en
1299,707629649552134146,997,2834,en
1300,707610948723478529,7236,18557,en
1301,707420581654872064,789,2499,en
1302,707411934438625280,673,2486,en
1303,707387676719185920,1490,3835,en
1304,707377100785885184,1214,3603,en
1305,707315916783140866,727,2698,en
1306,707297311098011648,903,3022,en
1307,707059547140169728,759,2796,en
1308,707038192327901184,900,2404,en
1309,707021089608753152,1540,4433,en
1310,707014260413456384,664,2502,en
1311,706904523814649856,8830,15961,en
1312,706901761596989440,680,2264,en
1313,706681918348251136,1103,3627,en
1314,706644897839910912,1224,2814,en
1315,706593038911545345,718,2363,en
1316,706538006853918722,1580,3778,en
1317,706516534877929472,1150,3404,en
1318,706346369204748288,1035,3768,en
1319,706310011488698368,9034,23443,en
1320,706291001778950144,522,1861,en
1321,706265994973601792,1030,2979,en
1322,706169069255446529,2511,4291,en
1323,706166467411222528,1819,5636,en
1324,706153300320784384,437,1632,en
1325,705975130514706432,842,3397,en
1326,705970349788291072,1008,3440,en
1327,705898680587526145,643,2597,en
1328,705786532653883392,596,2132,en
1329,705591895322394625,1308,3475,en
1330,705475953783398401,1045,3231,en
1331,705442520700944385,1859,4877,en
1332,705428427625635840,1931,4188,en
1333,705239209544720384,854,3290,en
1334,705223444686888960,900,2829,en
1335,705102439679201280,585,2342,en
1336,705066031337840642,683,2378,en
1337,704871453724954624,1245,4585,en
1338,704859558691414016,612,2462,en
1339,704847917308362754,1727,5594,en
1340,704819833553219584,1136,2906,en
1341,704761120771465216,3257,7283,en
1342,704499785726889984,1124,3212,en
1343,704491224099647488,97,840,es
1344,704480331685040129,1197,3723,en
1345,704364645503647744,3999,8804,en
1346,704347321748819968,393,1729,en
1347,704134088924532736,519,1653,en
1348,704113298707505153,629,2031,en
1349,704054845121142784,1028,3201,en
1350,703774238772166656,526,2020,en
1351,703769065844768768,1276,3621,en
1352,703631701117943808,772,2853,en
1353,703611486317502464,1709,4229,en
1354,703425003149250560,1559,4162,en
1355,703407252292673536,786,2685,en
1356,703382836347330562,1285,3837,en
1357,703356393781329922,429,2085,en
1358,703268521220972544,618,2152,en
1359,703079050210877440,3494,8064,en
1360,703041949650034688,14198,28996,en
1361,702932127499816960,811,2825,en
1362,702899151802126337,509,1772,en
1363,702684942141153280,1215,3516,en
1364,702671118226825216,634,2398,en
1365,702598099714314240,3712,11332,en
1366,702539513671897089,1091,3134,en
1367,702332542343577600,1755,3491,en
1368,702321140488925184,1156,3604,en
1369,702276748847800320,860,2706,en
1370,702217446468493312,1526,5268,en
1371,701981390485725185,1106,3755,en
1372,701952816642965504,1149,4167,en
1373,701889187134500865,1558,3905,en
1374,701805642395348998,1900,3752,en
1375,701601587219795968,523,2299,en
1376,701570477911896070,1055,3080,en
1377,701545186879471618,680,2902,en
1378,701214700881756160,5812,13475,en
1379,700890391244103680,653,2437,en
1380,700864154249383937,685,2828,en
1381,700847567345688576,558,2637,en
1382,700796979434098688,1085,2669,en
1383,700747788515020802,10673,25130,en
1384,700518061187723268,915,2887,en
1385,700505138482569216,646,2487,en
1386,700462010979500032,2031,4537,en
1387,700167517596164096,836,2903,en
1388,700151421916807169,754,2450,en
1389,700143752053182464,3129,8282,en
1390,700062718104104960,778,2890,en
1391,700029284593901568,661,2262,en
1392,700002074055016451,1529,3627,en
1393,699801817392291840,1088,3345,en
1394,699788877217865730,557,2458,en
1395,699779630832685056,1397,3039,en
1396,699775878809702401,690,2150,en
1397,699691744225525762,5174,11252,en
1398,699446877801091073,2938,6515,en
1399,699434518667751424,577,2384,en
1400,699423671849451520,383,1505,en
1401,699413908797464576,688,2258,en
1402,699370870310113280,497,2053,en
1403,699323444782047232,983,3466,en
1404,699088579889332224,715,2451,en
1405,699079609774645248,745,2677,en
1406,699072405256409088,1325,3296,en
1407,699060279947165696,2059,4173,en
1408,699036661657767936,1345,2863,en
1409,698989035503689728,1113,3701,en
1410,698953797952008193,1020,2975,en
1411,698907974262222848,699,2787,en
1412,698710712454139905,774,2710,en
1413,698703483621523456,425,1608,en
1414,698635131305795584,388,1400,en
1415,698549713696649216,704,2536,en
1416,698355670425473025,516,2046,en
1417,698342080612007937,1074,2485,en
1418,698262614669991936,2268,5214,en
1419,698195409219559425,6750,18408,en
1420,698178924120031232,830,3084,en
1421,697995514407682048,372,1665,en
1422,697990423684476929,1451,3592,en
1423,697943111201378304,776,2638,en
1424,697881462549430272,1337,3313,en
1425,697630435728322560,614,1909,en
1426,697616773278015490,1144,3467,en
1427,697596423848730625,1425,3306,en
1428,697575480820686848,572,2250,en
1429,697516214579523584,1282,2281,en
1430,697482927769255936,765,2662,en
1431,697463031882764288,1552,3748,en
1432,697270446429966336,2087,5131,en
1433,697259378236399616,1136,3611,en
1434,697255105972801536,1315,3316,en
1435,697242256848379904,751,2753,en
1436,696900204696625153,1156,3492,en
1437,696894894812565505,758,2594,en
1438,696886256886657024,2016,5317,en
1439,696877980375769088,802,2689,en
1440,696754882863349760,396,1615,en
1441,696744641916489729,1069,2293,en
1442,696713835009417216,757,2613,en
1443,696518437233913856,1887,4274,en
1444,696490539101908992,170,1339,en
1445,696488710901260288,1166,2788,en
1446,696405997980676096,1284,3531,en
1447,696100768806522880,750,2125,en
1448,695816827381944320,1320,3287,en
1449,695794761660297217,880,3490,en
1450,695767669421768709,854,2060,en
1451,695629776980148225,2377,5020,en
1452,695446424020918272,2026,4787,en
1453,695409464418041856,4017,9460,en
1454,695314793360662529,1675,4004,en
1455,695095422348574720,684,2888,en
1456,695074328191332352,1239,3116,en
1457,695064344191721472,685,1771,en
1458,695051054296211456,885,2918,en
1459,694925794720792577,1043,2965,en
1460,694905863685980160,1053,3046,en
1461,694669722378485760,13517,26068,en
1462,694356675654983680,328,1653,en
1463,694352839993344000,700,2244,en
1464,694342028726001664,557,1727,en
1465,694329668942569472,569,2203,en
1466,694206574471057408,2297,4582,en
1467,694183373896572928,1040,3236,en
1468,694001791655137281,1176,3705,en
1469,693993230313091072,457,2044,en
1470,693942351086120961,413,1896,en
1471,693647888581312512,673,2961,en
1472,693644216740769793,150,1473,en
1473,693642232151285760,472,2790,en
1474,693629975228977152,894,2685,en
1475,693622659251335168,422,1691,en
1476,693590843962331137,2233,5565,en
1477,693582294167244802,292,1802,en
1478,693486665285931008,698,1941,en
1479,693280720173801472,1403,3669,en
1480,693267061318012928,925,2622,en
1481,693262851218264065,568,2459,en
1482,693231807727280129,841,3133,en
1483,693155686491000832,3622,8668,en
1484,693109034023534592,695,1889,en
1485,693095443459342336,523,2056,en
1486,692919143163629568,838,2926,en
1487,692905862751522816,998,2683,en
1488,692901601640583168,682,1971,en
1489,692894228850999298,910,2511,en
1490,692828166163931137,998,3148,en
1491,692752401762250755,4124,7496,en
1492,692568918515392513,1737,4739,en
1493,692535307825213440,1529,3504,en
1494,692530551048294401,474,2021,en
1495,692423280028966913,265,1618,en
1496,692417313023332352,3917,10275,en
1497,692187005137076224,929,2768,en
1498,692158366030913536,896,2369,en
1499,692142790915014657,438,1798,en
1500,692041934689402880,1424,3724,en
1501,692017291282812928,1081,3153,en
1502,691820333922455552,1860,4329,en
1503,691793053716221953,4732,8910,en
1504,691756958957883396,1161,3179,en
1505,691675652215414786,577,2116,en
1506,691483041324204033,656,2608,en
1507,691459709405118465,1294,4449,en
1508,691444869282295808,955,2890,en
1509,691416866452082688,8689,21253,en
1510,691321916024623104,747,2828,en
1511,691096613310316544,1019,3253,en
1512,691090071332753408,385,1867,en
1513,690989312272396288,3282,6513,en
1514,690959652130045952,1421,3902,en
1515,690938899477221376,2245,4536,en
1516,690932576555528194,1143,3602,en
1517,690735892932222976,1442,4134,en
1518,690728923253055490,597,2384,en
1519,690690673629138944,898,2547,en
1520,690649993829576704,325,1435,en
1521,690607260360429569,19,313,und
1522,690597161306841088,681,2163,en
1523,690400367696297985,509,2041,en
1524,690374419777196032,972,3560,en
1525,690360449368465409,1006,2925,en
1526,690348396616552449,573,1644,en
1527,690248561355657216,477,1845,en
1528,690021994562220032,1180,3056,en
1529,690015576308211712,836,2740,en
1530,690005060500217858,1907,4004,en
1531,689999384604450816,424,1561,en
1532,689993469801164801,518,1618,en
1533,689977555533848577,502,1490,en
1534,689905486972461056,787,2651,en
1535,689877686181715968,1344,3323,en
1536,689835978131935233,850,2369,en
1537,689661964914655233,1052,3501,en
1538,689659372465688576,4412,11394,en
1539,689623661272240129,748,2467,en
1540,689599056876867584,6265,12795,en
1541,689557536375177216,519,2257,en
1542,689517482558820352,1609,3735,en
1543,689289219123089408,1056,2476,en
1544,689283819090870273,1250,3624,en
1545,689280876073582592,819,2197,en
1546,689275259254616065,285,1273,en
1547,689255633275777024,1212,2805,en
1548,689154315265683456,1128,3348,en
1549,689143371370250240,579,2232,en
1550,688916208532455424,983,3003,en
1551,688908934925697024,874,2310,en
1552,688898160958271489,890,2307,en
1553,688894073864884227,792,2462,en
1554,688828561667567616,420,1508,en
1555,688804835492233216,227,1043,en
1556,688789766343622656,759,2434,en
1557,688547210804498433,789,2862,en
1558,688519176466644993,825,2520,en
1559,688385280030670848,5035,10180,en
1560,688211956440801280,937,2426,en
1561,688179443353796608,669,2328,en
1562,688116655151435777,888,3093,en
1563,688064179421470721,408,1878,en
1564,687841446767013888,2872,6009,en
1565,687826841265172480,1292,2989,en
1566,687818504314159109,1080,2758,en
1567,687807801670897665,801,2625,en
1568,687732144991551489,750,1935,en
1569,687704180304273409,950,2660,en
1570,687664829264453632,576,2121,en
1571,687494652870668288,654,2104,en
1572,687480748861947905,281,1760,en
1573,687476254459715584,619,2187,en
1574,687460506001633280,614,2243,en
1575,687399393394311168,702,2081,en
1576,687317306314240000,10411,22073,en
1577,687312378585812992,2146,4777,en
1578,687127927494963200,2591,6004,en
1579,687124485711986689,577,2371,en
1580,687109925361856513,2803,6370,en
1581,687102708889812993,1124,2571,en
1582,687096057537363968,695,2449,en
1583,686947101016735744,3582,9433,en
1584,686760001961103360,1551,3852,en
1585,686749460672679938,1666,3812,en
1586,686730991906516992,1350,4543,en
1587,686683045143953408,912,3072,en
1588,686618349602762752,1544,4042,en
1589,686606069955735556,607,2071,en
1590,686394059078897668,769,1928,en
1591,686386521809772549,996,3553,en
1592,686377065986265092,637,2433,en
1593,686358356425093120,776,2398,en
1594,686286779679375361,1887,4392,en
1595,686050296934563840,836,2420,en
1596,686035780142297088,138,1274,en
1597,686034024800862208,1324,3424,en
1598,686007916130873345,472,2704,en
1599,686003207160610816,735,2009,en
1600,685973236358713344,611,2326,en
1601,685943807276412928,696,1801,en
1602,685906723014619143,3303,8277,en
1603,685681090388975616,140,2069,en
1604,685667379192414208,666,2579,en
1605,685663452032069632,1656,3557,en
1606,685641971164143616,885,3218,en
1607,685547936038666240,17465,35052,en
1608,685532292383666176,1298,3336,en
1609,685325112850124800,4535,10471,en
1610,685321586178670592,735,2910,en
1611,685315239903100929,1234,3676,en
1612,685307451701334016,496,2262,en
1613,685268753634967552,1371,3419,en
1614,685198997565345792,764,2566,en
1615,685169283572338688,1620,4489,en
1616,684969860808454144,421,2374,en
1617,684959798585110529,3487,7004,en
1618,684940049151070208,1191,3523,en
1619,684926975086034944,552,3849,en
1620,684914660081053696,1662,3848,en
1621,684902183876321280,605,2053,en
1622,684880619965411328,936,2305,en
1623,684830982659280897,24514,38551,en
1624,684800227459624960,1124,2979,en
1625,684594889858887680,4016,9843,en
1626,684588130326986752,1592,4489,en
1627,684567543613382656,1418,3312,en
1628,684538444857667585,1085,2915,en
1629,684481074559381504,1320,4249,en
1630,684460069371654144,628,2169,en
1631,684241637099323392,3727,8999,en
1632,684225744407494656,239,1369,en
1633,684222868335505415,1563,4225,en
1634,684200372118904832,1177,2394,en
1635,684195085588783105,595,2108,en
1636,684188786104872960,1343,3831,en
1637,684177701129875456,764,2215,en
1638,684147889187209216,1703,3265,en
1639,684122891630342144,539,2176,en
1640,684097758874210310,1621,4515,en
1641,683857920510050305,1262,4163,en
1642,683852578183077888,397,2111,en
1643,683849932751646720,1116,2896,en
1644,683834909291606017,1265,2880,en
1645,683828599284170753,1195,3053,en
1646,683773439333797890,1533,3684,en
1647,683742671509258241,3781,7162,en
1648,683515932363329536,3291,8058,en
1649,683498322573824003,1095,3469,en
1650,683481228088049664,1118,2878,en
1651,683462770029932544,761,2676,en
1652,683449695444799489,1837,4290,en
1653,683391852557561860,2702,8356,en
1654,683357973142474752,1059,3238,en
1655,683142553609318400,1173,3162,en
1656,683111407806746624,1034,3736,en
1657,683098815881154561,736,2361,nl
1658,683078886620553216,634,2176,en
1659,683030066213818368,832,2370,en
1660,682962037429899265,15043,26239,en
1661,682808988178739200,210,1953,en
1662,682788441537560576,1258,2706,en
1663,682750546109968385,494,1674,en
1664,682697186228989953,397,1440,in
1665,682662431982772225,1207,3326,en
1666,682638830361513985,675,2266,en
1667,682429480204398592,1320,3769,en
1668,682406705142087680,2019,8319,en
1669,682393905736888321,773,2441,en
1670,682389078323662849,518,1828,en
1671,682303737705140231,1135,3389,en
1672,682259524040966145,1375,4578,en
1673,682242692827447297,1341,3566,en
1674,682088079302213632,11271,20108,en
1675,682059653698686977,1915,5442,en
1676,682047327939461121,1088,3525,en
1677,682032003584274432,2294,7223,en
1678,682003177596559360,1722,3464,en
1679,681981167097122816,1161,3043,en
1680,681891461017812993,951,2706,en
1681,681694085539872773,4581,14010,en
1682,681679526984871937,499,1923,en
1683,681654059175129088,1045,2903,en
1684,681610798867845120,533,2100,en
1685,681579835668455424,1489,3893,en
1686,681523177663676416,6620,15749,en
1687,681340665377193984,313,1803,en
1688,681339448655802368,4598,10202,en
1689,681320187870711809,863,2918,en
1690,681302363064414209,2072,4347,en
1691,681297372102656000,1091,3490,en
1692,681281657291280384,1258,3520,en
1693,681261549936340994,308,1597,en
1694,681242418453299201,624,1645,en
1695,681231109724700672,540,2629,en
1696,681193455364796417,1691,4077,en
1697,680970795137544192,749,2665,en
1698,680959110691590145,2243,4986,en
1699,680940246314430465,1225,3544,en
1700,680934982542561280,497,2285,en
1701,680913438424612864,705,2609,en
1702,680889648562991104,418,1945,en
1703,680836378243002368,1513,3766,en
1704,680805554198020098,751,2370,en
1705,680801747103793152,925,2600,en
1706,680798457301471234,1182,3134,en
1707,680609293079592961,816,2906,en
1708,680583894916304897,1514,3939,en
1709,680497766108381184,2162,4639,en
1710,680494726643068929,542,1879,en
1711,680473011644985345,844,2778,en
1712,680440374763077632,564,1583,en
1713,680221482581123072,329,1598,en
1714,680206703334408192,1323,3115,en
1715,680191257256136705,577,2356,en
1716,680176173301628928,1760,4263,en
1717,680161097740095489,828,2538,en
1718,680145970311643136,1972,3955,en
1719,680130881361686529,1078,2519,en
1720,680115823365742593,1028,2972,en
1721,680100725817409536,1554,3891,en
1722,680085611152338944,10034,13959,en
1723,680070545539371008,994,2818,en
1724,680055455951884288,8067,18278,en
1725,679877062409191424,726,2155,en
1726,679872969355714560,749,2365,en
1727,679862121895714818,706,2678,en
1728,679854723806179328,1402,3143,en
1729,679844490799091713,887,2593,en
1730,679828447187857408,15839,39726,en
1731,679777920601223168,1281,3390,en
1732,679736210798047232,918,2311,en
1733,679729593985699840,937,2367,en
1734,679722016581222400,539,1817,en
1735,679530280114372609,2347,5208,en
1736,679527802031484928,823,2892,en
1737,679511351870550016,1461,3711,en
1738,679503373272485890,1673,3484,en
1739,679475951516934144,728,2304,en
1740,679462823135686656,21324,34856,en
1741,679405845277462528,1364,2594,en
1742,679158373988876288,9193,23568,en
1743,679148763231985668,1163,3028,en
1744,679132435750195208,1314,3253,en
1745,679111216690831360,2893,6514,en
1746,679062614270468097,9299,18712,en
1747,679047485189439488,781,2460,en
1748,679001094530465792,1378,3075,en
1749,678991772295516161,1333,2537,en
1750,678969228704284672,528,1796,en
1751,678800283649069056,1018,2810,en
1752,678798276842360832,1350,3804,en
1753,678774928607469569,1043,3037,en
1754,678767140346941444,1553,3864,en
1755,678764513869611008,544,1788,en
1756,678755239630127104,3741,7802,en
1757,678740035362037760,1926,4099,en
1758,678708137298427904,2753,6082,en
1759,678675843183484930,1680,3155,en
1760,678643457146150913,489,2250,en
1761,678446151570427904,1785,4358,en
1762,678424312106393600,2880,5916,en
1763,678410210315247616,2072,4640,en
1764,678399652199309312,30742,61794,en
1765,678396796259975168,478,1731,en
1766,678389028614488064,473,2044,en
1767,678380236862578688,1020,2655,en
1768,678341075375947776,612,1896,en
1769,678334497360859136,304,1427,en
1770,678278586130948096,6857,12531,en
1771,678255464182861824,418,1726,en
1772,678023323247357953,439,2095,en
1773,678021115718029313,7148,15018,en
1774,677961670166224897,1879,3701,en
1775,677918531514703872,463,1476,en
1776,677895101218201600,2384,5275,en
1777,677716515794329600,1104,3323,en
1778,677700003327029250,1622,3689,en
1779,677698403548192770,363,1332,en
1780,677687604918272002,950,2681,en
1781,677673981332312066,1677,3603,en
1782,677662372920729601,1101,2134,en
1783,677644091929329666,886,2040,en
1784,677573743309385728,819,2322,en
1785,677565715327688705,513,1409,en
1786,677557565589463040,1322,2665,en
1787,677547928504967168,4076,7568,en
1788,677530072887205888,250,1161,en
1789,677335745548390400,2017,3328,en
1790,677334615166730240,328,1477,en
1791,677331501395156992,265,1189,en
1792,677328882937298944,1693,3938,en
1793,677314812125323265,611,1799,en
1794,677301033169788928,471,1362,en
1795,677269281705472000,790,2164,en
1796,677228873407442944,1840,3837,en
1797,677187300187611136,1033,2981,en
1798,676975532580409345,1203,3015,en
1799,676957860086095872,907,2395,en
1800,676949632774234114,448,1413,en
1801,676948236477857792,980,2354,en
1802,676946864479084545,426,1844,en
1803,676942428000112642,855,2261,en
1804,676936541936185344,5515,13809,en
1805,676916996760600576,2002,3231,en
1806,676897532954456065,817,2426,en
1807,676864501615042560,808,2294,en
1808,676821958043033607,17605,25124,en
1809,676819651066732545,741,1957,en
1810,676811746707918848,469,1536,en
1811,676776431406465024,2249,5405,en
1812,676617503762681856,1108,3149,en
1813,676613908052996102,219,1183,en
1814,676606785097199616,490,2039,en
1815,676603393314578432,440,1280,en
1816,676593408224403456,2410,4954,en
1817,676590572941893632,142,1001,en
1818,676588346097852417,896,2533,en
1819,676582956622721024,312,1310,en
1820,676575501977128964,1254,2807,en
1821,676533798876651520,621,2025,en
1822,676496375194980353,602,1641,en
1823,676470639084101634,5224,12616,en
1824,676440007570247681,748,1863,en
1825,676430933382295552,385,1526,en
1826,676263575653122048,609,2243,en
1827,676237365392908289,331,1335,en
1828,676219687039057920,31989,67100,en
1829,676215927814406144,661,1881,en
1830,676191832485810177,1145,2478,en
1831,676146341966438401,744,2077,en
1832,676121918416756736,1297,2335,en
1833,676101918813499392,1284,3042,en
1834,676098748976615425,1623,3279,en
1835,676089483918516224,483,1431,en
1836,675898130735476737,653,1774,en
1837,675891555769696257,976,2297,en
1838,675888385639251968,1067,2581,en
1839,675878199931371520,1570,4531,en
1840,675870721063669760,632,1783,en
1841,675853064436391936,1460,2927,en
1842,675849018447167488,172,1027,en
1843,675845657354215424,1000,2477,en
1844,675822767435051008,591,1652,en
1845,675820929667219457,260,1140,en
1846,675798442703122432,3787,11101,en
1847,675781562965868544,537,1750,en
1848,675740360753160193,388,1257,en
1849,675710890956750848,928,2046,en
1850,675707330206547968,771,2154,en
1851,675706639471788032,106,693,en
1852,675534494439489536,470,1953,en
1853,675531475945709568,428,1276,en
1854,675522403582218240,316,1122,en
1855,675517828909424640,507,1414,en
1856,675501075957489664,6485,18482,en
1857,675497103322386432,1443,3397,en
1858,675489971617296384,672,1406,en
1859,675483430902214656,1081,1985,en
1860,675432746517426176,627,1623,en
1861,675372240448454658,563,1838,en
1862,675362609739206656,262,1136,en
1863,675354435921575936,18963,35178,en
1864,675349384339542016,2532,4237,en
1865,675334060156301312,1436,3007,en
1866,675166823650848770,1795,3920,en
1867,675153376133427200,2734,6072,en
1868,675149409102012420,1878,4037,en
1869,675147105808306176,273,1026,en
1870,675146535592706048,349,1300,en
1871,675145476954566656,1011,2305,en
1872,675135153782571009,542,1398,en
1873,675113801096802304,877,2120,en
1874,675111688094527488,283,1042,en
1875,675109292475830276,1259,3006,en
1876,675047298674663426,366,1141,en
1877,675015141583413248,1335,2918,en
1878,675006312288268288,252,1057,en
1879,675003128568291329,517,1672,en
1880,674999807681908736,1232,2433,en
1881,674805413498527744,391,934,en
1882,674800520222154752,949,3240,en
1883,674793399141146624,1225,2697,en
1884,674790488185167872,278,1180,nl
1885,674788554665512960,230,871,en
1886,674781762103414784,1335,2169,en
1887,674774481756377088,532,1213,en
1888,674767892831932416,883,1981,en
1889,674764817387900928,263,852,en
1890,674754018082705410,488,1456,en
1891,674752233200820224,516,1580,en
1892,674743008475090944,607,1514,en
1893,674742531037511680,55,527,en
1894,674739953134403584,437,1194,en
1895,674737130913071104,103,693,en
1896,674690135443775488,510,1237,en
1897,674670581682434048,729,1751,en
1898,674664755118911488,276,994,en
1899,674646392044941312,557,1533,en
1900,674644256330530816,311,1111,en
1901,674638615994089473,650,1806,en
1902,674632714662858753,637,1617,en
1903,674606911342424069,115,1013,en
1904,674468880899788800,2275,6676,en
1905,674447403907457024,393,1137,en
1906,674436901579923456,426,1198,en
1907,674422304705744896,592,1536,en
1908,674416750885273600,157,731,en
1909,674410619106390016,515,1289,en
1910,674394782723014656,635,1607,en
1911,674372068062928900,346,931,en
1912,674330906434379776,83,602,und
1913,674318007229923329,570,1516,en
1914,674307341513269249,7641,12129,en
1915,674291837063053312,6533,15817,en
1916,674271431610523648,800,1682,en
1917,674269164442398721,255,961,en
1918,674265582246694913,936,1766,en
1919,674262580978937856,498,1391,en
1920,674255168825880576,619,1581,en
1921,674082852460433408,186,804,en
1922,674075285688614912,316,1047,en
1923,674063288070742018,2450,6769,en
1924,674053186244734976,1441,3576,en
1925,674051556661161984,530,1564,en
1926,674045139690631169,710,1520,en
1927,674042553264685056,142,772,en
1928,674038233588723717,456,1176,en
1929,674036086168010753,240,906,en
1930,674024893172875264,1360,1914,en
1931,674019345211760640,340,1208,en
1932,674014384960745472,714,1676,en
1933,674008982932058114,393,1297,en
1934,673956914389192708,1069,2091,en
1935,673919437611909120,401,1251,en
1936,673906403526995968,1799,3406,en
1937,673887867907739649,274,994,en
1938,673716320723169284,843,3289,en
1939,673715861853720576,2303,3815,en
1940,673711475735838725,325,1114,en
1941,673709992831262724,306,908,en
1942,673708611235921920,315,1153,en
1943,673707060090052608,434,1177,en
1944,673705679337693185,439,1337,en
1945,673700254269775872,638,1532,en
1946,673697980713705472,2165,4067,en
1947,673689733134946305,700,1855,en
1948,673688752737402881,534,1325,en
1949,673686845050527744,479,1544,en
1950,673680198160809984,521,1460,en
1951,673662677122719744,397,1339,en
1952,673656262056419329,265,769,en
1953,673636718965334016,404,1194,en
1954,673612854080196609,802,1691,en
1955,673583129559498752,403,1273,en
1956,673580926094458881,297,882,en
1957,673576835670777856,613,1482,en
1958,673363615379013632,338,1088,en
1959,673359818736984064,728,1558,en
1960,673355879178194945,652,1606,en
1961,673352124999274496,597,1761,en
1962,673350198937153538,229,784,en
1963,673345638550134785,1422,2700,en
1964,673343217010679808,289,1038,en
1965,673342308415348736,649,1362,en
1966,673320132811366400,8705,14441,en
1967,673317986296586240,293,924,en
1968,673295268553605120,3484,8046,en
1969,673270968295534593,400,1134,en
1970,673240798075449344,798,1510,en
1971,673213039743795200,929,2410,en
1972,673148804208660480,688,1822,en
1973,672997845381865473,786,2092,en
1974,672995267319328768,328,1001,en
1975,672988786805112832,314,1039,en
1976,672984142909456390,593,1338,en
1977,672980819271634944,1079,1930,en
1978,672975131468300288,1015,1813,en
1979,672970152493887488,391,1019,en
1980,672968025906282496,602,1405,en
1981,672964561327235073,701,1530,en
1982,672902681409806336,550,1452,en
1983,672898206762672129,459,944,en
1984,672884426393653248,897,1661,en
1985,672877615439593473,405,1096,en
1986,672834301050937345,623,1398,en
1987,672828477930868736,533,1343,en
1988,672640509974827008,348,1032,en
1989,672622327801233409,542,1377,en
1990,672614745925664768,644,1302,en
1991,672609152938721280,424,1180,en
1992,672604026190569472,445,1188,en
1993,672594978741354496,661,1411,en
1994,672591762242805761,367,1014,en
1995,672591271085670400,207,782,en
1996,672538107540070400,404,1089,en
1997,672523490734551040,189,696,en
1998,672488522314567680,482,1187,en
1999,672482722825261057,665,1221,en
2000,672481316919734272,137,757,en
2001,672475084225949696,770,1529,en
2002,672466075045466113,598,1447,en
2003,672272411274932228,3677,6888,en
2004,672267570918129665,666,1588,en
2005,672264251789176834,383,1212,en
2006,672256522047614977,1699,2999,en
2007,672254177670729728,800,1515,en
2008,672248013293752320,656,1833,en
2009,672245253877968896,169,733,en
2010,672239279297454080,347,953,en
2011,672231046314901505,1089,1956,en
2012,672222792075620352,231,833,en
2013,672205392827572224,1270,2414,en
2014,672169685991993344,408,1074,en
2015,672160042234327040,395,918,en
2016,672139350159835138,792,1876,en
2017,672125275208069120,1253,2578,en
2018,672095186491711488,395,1063,en
2019,672082170312290304,402,1003,en
2020,672068090318987265,564,1389,en
2021,671896809300709376,4519,9016,en
2022,671891728106971137,618,1415,en
2023,671882082306625538,1488,3693,en
2024,671879137494245376,748,1507,en
2025,671874878652489728,601,1330,en
2026,671866342182637568,548,1191,en
2027,671855973984772097,502,977,en
2028,671789708968640512,3811,7527,en
2029,671768281401958400,572,1269,en
2030,671763349865160704,999,1788,en
2031,671744970634719232,841,1430,en
2032,671743150407421952,248,779,en
2033,671735591348891648,819,1534,en
2034,671729906628341761,4795,9119,en
2035,671561002136281088,7931,13679,en
2036,671550332464455680,229,967,en
2037,671547767500775424,658,1444,en
2038,671544874165002241,1145,2126,en
2039,671542985629241344,616,1166,en
2040,671538301157904385,436,993,en
2041,671536543010570240,441,1253,en
2042,671533943490011136,631,1092,en
2043,671528761649688577,280,896,en
2044,671520732782923777,582,1499,en
2045,671518598289059840,319,1010,en
2046,671511350426865664,791,1734,en
2047,671504605491109889,3866,7495,en
2048,671497587707535361,481,980,en
2049,671488513339211776,516,1073,en
2050,671486386088865792,226,621,en
2051,671485057807351808,253,806,en
2052,671390180817915904,805,1513,en
2053,671362598324076544,325,1193,en
2054,671357843010908160,157,426,en
2055,671355857343524864,119,508,en
2056,671347597085433856,476,1031,en
2057,671186162933985280,241,788,en
2058,671182547775299584,378,1193,en
2059,671166507850801152,390,931,en
2060,671163268581498880,1198,1763,en
2061,671159727754231808,89,401,en
2062,671154572044468225,241,769,en
2063,671151324042559489,166,714,en
2064,671147085991960577,254,713,en
2065,671141549288370177,713,1246,en
2066,671138694582165504,448,996,en
2067,671134062904504320,212,796,en
2068,671122204919246848,2763,3729,en
2069,671115716440031232,842,1436,en
2070,671109016219725825,478,1225,en
2071,670995969505435648,317,1175,en
2072,670842764863651840,4324,7989,en
2073,670840546554966016,213,634,en
2074,670838202509447168,758,1189,en
2075,670833812859932673,135,474,en
2076,670832455012716544,242,780,en
2077,670826280409919488,4485,5961,en
2078,670823764196741120,205,824,en
2079,670822709593571328,105,647,en
2080,670815497391357952,1708,3410,en
2081,670811965569282048,295,1202,en
2082,670807719151067136,546,1234,en
2083,670804601705242624,1035,2098,en
2084,670803562457407488,95,362,en
2085,670797304698376195,262,780,en
2086,670792680469889025,298,889,en
2087,670789397210615808,255,700,en
2088,670786190031921152,218,640,en
2089,670783437142401025,431,872,en
2090,670782429121134593,863,1691,en
2091,670780561024270336,317,831,en
2092,670778058496974848,77,345,en
2093,670764103623966721,466,1154,en
2094,670755717859713024,123,475,en
2095,670733412878163972,558,1030,en
2096,670727704916926465,403,887,en
2097,670717338665226240,547,1301,en
2098,670704688707301377,405,814,en
2099,670691627984359425,266,632,en
2100,670679630144274432,315,799,en
2101,670676092097810432,45,267,en
2102,670668383499735048,5537,11452,en
2103,670474236058800128,835,1635,en
2104,670468609693655041,90,375,en
2105,670465786746662913,608,1048,en
2106,670452855871037440,225,580,en
2107,670449342516494336,729,1264,en
2108,670444955656130560,2153,7120,en
2109,670442337873600512,213,690,en
2110,670435821946826752,570,1127,en
2111,670434127938719744,708,1501,en
2112,670433248821026816,122,345,en
2113,670428280563085312,694,1484,en
2114,670427002554466305,179,551,en
2115,670421925039075328,709,1415,en
2116,670420569653809152,342,668,en
2117,670417414769758208,350,604,en
2118,670411370698022913,991,2176,en
2119,670408998013820928,249,600,en
2120,670403879788544000,173,460,en
2121,670385711116361728,234,593,en
2122,670374371102445568,295,785,en
2123,670361874861563904,71,344,en
2124,670338931251150849,122,451,en
2125,670319130621435904,1359,4110,en
2126,670303360680108032,151,452,en
2127,670290420111441920,315,750,en
2128,670093938074779648,365,1106,en
2129,670086499208155136,275,740,en
2130,670079681849372674,1373,2390,en
2131,670073503555706880,874,1674,en
2132,670069087419133954,278,676,en
2133,670061506722140161,373,822,en
2134,670055038660800512,357,716,en
2135,670046952931721218,191,684,en
2136,670040295598354432,118,801,en
2137,670037189829525505,306,625,en
2138,670003130994700288,100,352,en
2139,669993076832759809,92,344,en
2140,669972011175813120,175,471,en
2141,669970042633789440,65,317,en
2142,669942763794931712,183,536,en
2143,669926384437997569,115,400,en
2144,669923323644657664,64,250,en
2145,669753178989142016,431,858,en
2146,669749430875258880,71,289,en
2147,669684865554620416,99,551,en
2148,669683899023405056,119,412,en
2149,669682095984410625,146,375,en
2150,669680153564442624,311,712,en
2151,669661792646373376,482,860,en
2152,669625907762618368,1963,3769,en
2153,669603084620980224,401,1006,en
2154,669597912108789760,163,550,en
2155,669583744538451968,1017,1587,en
2156,669573570759163904,156,467,en
2157,669571471778410496,1085,1684,en
2158,669567591774625800,61,248,en
2159,669564461267722241,133,413,en
2160,669393256313184256,83,383,en
2161,669375718304980992,792,1425,en
2162,669371483794317312,196,524,en
2163,669367896104181761,172,485,en
2164,669363888236994561,252,669,en
2165,669359674819481600,134,390,en
2166,669354382627049472,1390,2889,en
2167,669353438988365824,281,687,en
2168,669351434509529089,207,474,en
2169,669328503091937280,452,1081,en
2170,669327207240699904,127,610,en
2171,669324657376567296,223,525,en
2172,669216679721873412,422,958,en
2173,669214165781868544,183,468,en
2174,669203728096960512,522,1074,en
2175,669037058363662336,336,698,en
2176,669015743032369152,403,785,en
2177,669006782128353280,269,610,en
2178,669000397445533696,6965,22118,en
2179,668994913074286592,254,468,en
2180,668992363537309700,381,802,en
2181,668989615043424256,356,726,en
2182,668988183816871936,516,961,en
2183,668986018524233728,183,578,en
2184,668981893510119424,340,573,en
2185,668979806671884288,382,842,en
2186,668975677807423489,641,1386,en
2187,668967877119254528,25,161,tl
2188,668960084974809088,263,757,en
2189,668955713004314625,77,300,en
2190,668932921458302977,63,284,en
2191,668902994700836864,107,338,en
2192,668892474547511297,164,422,en
2193,668872652652679168,322,566,en
2194,668852170888998912,184,479,en
2195,668826086256599040,150,467,en
2196,668815180734689280,291,610,en
2197,668779399630725120,409,749,en
2198,668655139528511488,233,562,en
2199,668645506898350081,588,962,en
2200,668643542311546881,576,939,en
2201,668641109086707712,573,1145,en
2202,668636665813057536,528,1114,en
2203,668633411083464705,1788,3024,en
2204,668631377374486528,349,763,en
2205,668627278264475648,123,341,en
2206,668625577880875008,140,417,en
2207,668623201287675904,851,1551,en
2208,668620235289837568,45,211,en
2209,668614819948453888,341,654,en
2210,668587383441514497,1174,1760,en
2211,668567822092664832,62,265,en
2212,668544745690562560,250,561,en
2213,668542336805281792,231,497,en
2214,668537837512433665,79,265,en
2215,668528771708952576,242,496,en
2216,668507509523615744,116,345,en
2217,668496999348633600,146,436,en
2218,668484198282485761,253,453,en
2219,668480044826800133,162,491,en
2220,668466899341221888,560,936,en
2221,668297328638447616,319,656,en
2222,668291999406125056,34,264,en
2223,668286279830867968,149,535,en
2224,668274247790391296,248,886,en
2225,668268907921326080,261,592,en
2226,668256321989451776,667,1385,en
2227,668248472370458624,523,1056,en
2228,668237644992782336,3100,6614,en
2229,668226093875376128,115,323,en
2230,668221241640230912,215,537,en
2231,668204964695683073,206,586,en
2232,668190681446379520,210,696,en
2233,668171859951755264,208,525,en
2234,668154635664932864,336,522,en
2235,668142349051129856,306,592,en
2236,668113020489474048,265,709,en
2237,667937095915278337,866,1356,en
2238,667924896115245057,119,318,en
2239,667915453470232577,59,222,en
2240,667911425562669056,329,523,en
2241,667902449697558528,396,905,en
2242,667886921285246976,1180,2011,en
2243,667885044254572545,530,868,en
2244,667878741721415682,127,409,en
2245,667873844930215936,440,667,en
2246,667866724293877760,1110,3172,en
2247,667861340749471744,86,253,en
2248,667832474953625600,68,303,en
2249,667806454573760512,535,1111,en
2250,667801013445750784,101,346,en
2251,667793409583771648,358,736,en
2252,667782464991965184,261,434,en
2253,667773195014021121,61,243,en
2254,667766675769573376,243,476,en
2255,667728196545200128,162,398,en
2256,667724302356258817,341,517,en
2257,667550904950915073,37,0,en
2258,667550882905632768,34,0,ro
2259,667549055577362432,2454,6138,en
2260,667546741521195010,138,355,en
2261,667544320556335104,568,917,en
2262,667538891197542400,72,220,en
2263,667534815156183040,576,866,en
2264,667530908589760512,264,501,en
2265,667524857454854144,1198,1798,en
2266,667517642048163840,203,389,en
2267,667509364010450944,2272,7148,en
2268,667502640335572993,231,563,en
2269,667495797102141441,294,565,en
2270,667491009379606528,242,559,en
2271,667470559035432960,102,273,en
2272,667455448082227200,66,203,en
2273,667453023279554560,96,327,en
2274,667443425659232256,620,833,en
2275,667437278097252352,257,483,en
2276,667435689202614272,89,326,nl
2277,667405339315146752,234,489,en
2278,667393430834667520,60,211,en
2279,667369227918143488,173,385,en
2280,667211855547486208,258,516,en
2281,667200525029539841,282,658,en
2282,667192066997374976,115,414,et
2283,667188689915760640,449,784,en
2284,667182792070062081,6618,15075,en
2285,667177989038297088,58,200,en
2286,667176164155375616,484,640,en
2287,667174963120574464,88,262,en
2288,667171260800061440,97,235,en
2289,667165590075940865,1241,2819,en
2290,667160273090932737,66,268,en
2291,667152164079423490,18285,49720,en
2292,667138269671505920,2387,4851,en
2293,667119796878725120,135,346,en
2294,667090893657276420,132,349,en
2295,667073648344346624,134,425,en
2296,667070482143944705,14,88,en
2297,667065535570550784,51,175,en
2298,667062181243039745,57,227,en
2299,667044094246576128,54,198,en
2300,667012601033924608,237,471,en
2301,666996132027977728,102,258,en
2302,666983947667116034,1040,2679,en
2303,666837028449972224,584,857,en
2304,666835007768551424,83,222,en
2305,666826780179869698,105,266,en
2306,666817836334096384,267,540,en
2307,666804364988780544,95,250,en
2308,666786068205871104,521,800,en
2309,666781792255496192,211,404,en
2310,666776908487630848,186,368,en
2311,666739327293083650,71,244,en
2312,666701168228331520,234,449,en
2313,666691418707132416,51,196,en
2314,666649482315059201,608,923,en
2315,666644823164719104,88,238,en
2316,666454714377183233,223,545,en
2317,666447344410484738,23,107,en
2318,666437273139982337,52,131,en
2319,666435652385423360,54,170,en
2320,666430724426358785,204,330,en
2321,666428276349472768,90,171,en
2322,666421158376562688,118,327,en
2323,666418789513326592,48,129,en
2324,666411507551481857,339,459,en
2325,666407126856765440,44,113,en
2326,666396247373291520,92,172,en
2327,666373753744588802,100,194,en
2328,666362758909284353,595,804,en
2329,666353288456101888,77,229,en
2330,666345417576210432,146,307,en
2331,666337882303524864,96,204,en
2332,666293911632134144,368,522,en
2333,666287406224695296,71,152,en
2334,666273097616637952,82,184,en
2335,666268910803644416,37,108,en
2336,666104133288665088,6871,14765,en
2337,666102155909144576,16,81,en
2338,666099513787052032,73,164,en
2339,666094000022159362,79,169,en
2340,666082916733198337,47,121,en
2341,666073100786774016,174,335,en
2342,666071193221509120,67,154,en
2343,666063827256086533,232,496,en
2344,666058600524156928,61,115,en
2345,666057090499244032,146,304,en
2346,666055525042405380,261,448,en
2347,666051853826850816,879,1253,en
2348,666050758794694657,60,136,en
2349,666049248165822465,41,111,en
2350,666044226329800704,147,311,en
2351,666033412701032449,47,128,en
2352,666029285002620928,48,132,en
2353,666020888022790149,532,2535,en
